Country,Flag,1992,1993,1994,1995,1996,1997,1998,1999,2000,2001,2002,2003,2004,2005,2006,2007,2008,2009,2010,2011,2012,2013,2014,2015,2016,2017,2018
United States,http://www.sciencekids.co.nz/images/pictures/flags96/United_States.jpg,7171,6847,6661.627397,6559.589041,6464.557377,6451.435616,6251.909589,5881.460274,5821.601095,5801.402738,5744.076712,5649.238356,5440.915301,5183.712329,5085.865786,5073.898375,4999.669254,5349.098649,5477.672452,5654.271227,6501.516473,7466.936953,8758.599863,9430.652087999999,8830.672139,9351.715156,10961.78913
Saudi Arabia,http://www.sciencekids.co.nz/images/pictures/flags96/Saudi_Arabia.jpg,8332,8198,8119.873973,8231.232877,8218.117486,8362.175342,8388.90411,7833.391781,8403.79918,8031.09589,7634.39589,8775,9100.819672,9550.136986,9152.328767,8721.506849,9261.25097,8250.112447,8900,9458.356164,9832.322404,9693.150684999999,9735.342466,10168.246579999999,10460.71038,10133.753420000001,10425.13699
Russia,http://www.sciencekids.co.nz/images/pictures/flags96/Russia.jpg,7632,6730,6135.084932,5995.221918,5849.874317,5920.084932,5853.882192,6078.983562,6479.202,6917,7408.173,8132.198795,8804.70765,9043.082192,9247.205479,9437.063449,9356.783607,9495.364932,9694.114466,9773.517808,9921.60929,10053.843840000001,10107.08767,10252.854790000001,10551.49727,10580.19178,10758.66027
Canada,http://www.sciencekids.co.nz/images/pictures/flags96/Canada.jpg,1605,1679,1746.194521,1805.271233,1836.674863,1922.394521,1981.084932,1906.635616,1976.893443,2029.172603,2170.6,2305.726027,2398.420765,2368.877597,2525.397101,2628.124781,2579.308861,2579.479849,2740.756164,2900.646575,3137.838798,3325.128767,3613.2246579999996,3677.1260270000002,3679.0464479999996,3976.665753,4263.947945
Iraq,http://www.sciencekids.co.nz/images/pictures/flags96/Iraq.jpg,425,512,552.5342466,560,578.5437158,1155.057534,2150.041096,2507.876712,2570.68306,2390,2023,1308.247288,2011.469945,1877.657534,1995.60274,2086.291622,2375.265989,2390.591537,2399.302526,2625.684932,2983.333333,3054.383562,3368.041096,4045.041096,4443.516393,4453.684932,4612.69589
Iran,http://www.sciencekids.co.nz/images/pictures/flags96/Iran.jpg,3429,3540,3618.054795,3643.219178,3685.710383,3664.178082,3633.767123,3557.164384,3696.3,3723.70137,3444.30137,3742.794973,4001.434426,4138.575342,4027.808219,3911.890411,4050.273224,4037.038348,4080.418951,4054,3386.8497270000003,3113.2986300000002,3239.0684929999998,3293.189041,4151.166667,4468.69589,4253.643836
China,http://www.sciencekids.co.nz/images/pictures/flags96/China.jpg,2845,2890,2939.287671,2990.049315,3131.338798,3200.342466,3198.178082,3194.994521,3248.762295,3300.004,3389.652055,3408.871233,3485.314208,3608.621918,3672.735068,3735.971233,3790.181967,3795.95863,4078.360274,4052.055616,4074.074317,4163.816712,4208.254795000001,4277.6931509999995,3983.4808740000003,3821.2301369999996,3772.8767119999998
UAE,http://www.sciencekids.co.nz/images/pictures/flags96/United_Arab_Emirates.jpg,2266,2159,2193.241096,2232.649315,2277.650273,2316.424658,2345.30137,2169.246575,2367.827869,2205,2081.994521,2348.136986,2478.262295,2535.424658,2635.69863,2602.589271,2820.765027,2560,2570,2849.178082,2993.606557,2938.0,3010.191781,3149.452055,3242.650273,3174.178082,3216.479452
Brazil,http://www.sciencekids.co.nz/images/pictures/flags96/Brazil.jpg,626,643,671.4246575,695.4246575,795.0027322,841.1972603,968.6273973,1131.772603,1269,1295.146,1455.191781,1496.11,1477.36885,1633.574364,1722.732614,1747.995608,1812.22803,1950.36403,2054.667995,2105.407984,2061.225495,2023.875466,2254.600307,2437.4449010000003,2515.459016,2621.7972600000003,2586.539726
Kuwait,http://www.sciencekids.co.nz/images/pictures/flags96/Kuwait.jpg,1058,1852,2025.139726,2057.410959,2061.693989,2007.268493,2085.342466,1897.717808,2078.5,1997.5,1894.160274,2136,2375.696721,2529.178082,2535.342466,2464.09589,2585.748577,2350,2300.410959,2530.136986,2634.9453550000003,2650.0,2642.054795,2783.671233,2904.8251370000003,2752.876712,2807.041096
Mexico,http://www.sciencekids.co.nz/images/pictures/flags96/Mexico.jpg,2669,2673,2782.158904,2711.564384,2944.144809,3104.052055,3159.372603,2998.380822,3104.070492,3217.982137,3262.894795,3458.68137,3475.82541,3423.123562,3345.427945,3142.952877,2838.988798,2645.843288,2621.138904,2599.847348,2592.505464,2561.8575339999998,2468.547945,2302.493151,2186.8743170000002,1981.084932,1851.7753420000001
Nigeria,http://www.sciencekids.co.nz/images/pictures/flags96/Nigeria.jpg,1943,1960,1930.923288,1992.753425,2000.598361,2132.536986,2153.457534,2129.863014,2165,2256.156164,2117.863014,2275.000397,2328.962,2627.438356,2439.863014,2349.643836,2165.439891,2208.311288,2408.027397,2473.750685,2457.10929,2307.317808,2347.178082,2171.1616440000003,1871.204918,1945.917808,1989.232877
Kazakhstan,http://www.sciencekids.co.nz/images/pictures/flags96/Kazakhstan.jpg,444,408,414.9041096,414.0356164,456.6284153,520.9780822,526.0575342,603.7041096,718,814.8630137,939.1917808,1026.709636,1203.24864,1288.284764,1313.333907,1360.424748,1345.420817,1455.150959,1525.19866,1552.936986,1514.47541,1572.8986300000001,1632.0767119999998,1653.054795,1595.1994539999998,1776.8164379999998,1856.2273969999999
Qatar,http://www.sciencekids.co.nz/images/pictures/flags96/Qatar.jpg,423,413,414.8767123,441.6876712,510.4781421,549.8630137,695.6027397,664.9479452,741.7241694,729.5890274,709.109589,806.6027397,901.393459,977.5616438,995.6438356,1082.945205,1172.612022,1275.150685,1451.30137,1550,1522.185792,1540.0,1537.424658,1498.0,1495.9016390000002,1500.027397,1464.2191779999998
Norway,http://www.sciencekids.co.nz/images/pictures/flags96/Norway.jpg,2132,2282,2569.767123,2765.750685,3090.915301,3141.679452,3011.243836,3018.70411,3221.517,3226.327,3130.584,3042.114,2954.475,2697.942192,2490.578082,2270.222466,2181.956284,2067.424658,1870.605479,1759.520548,1611.5683060000001,1532.671233,1562.183562,1610.271233,1647.97541,1617.665753,1516.652055
Angola,http://www.sciencekids.co.nz/images/pictures/flags96/Angola.jpg,526,509,536.3972603,646.2328767,708.784153,713.8082192,735.0821918,744.9178082,746.4043716,742.3835616,896.369863,902.5479452,1051.721311,1239.126027,1398.013699,1723.523745,1950.694508,1876.808219,1908.520548,1755.616438,1787.04918,1802.657534,1741.6164379999998,1801.863014,1769.614754,1665.7452050000002,1593.0410960000002
Algeria,http://www.sciencekids.co.nz/images/pictures/flags96/Algeria.jpg,1202,1167,1155,1161.794521,1227.144809,1258.739726,1226.410959,1177.30137,1213.907104,1265,1349,1516.041096,1581.775956,1692.315068,1699.068493,1708.39726,1705,1584.876712,1540,1540,1532.2431689999999,1461.7808220000002,1420.0,1429.0,1348.360656,1305.632877,1258.657534
Venezuela,http://www.sciencekids.co.nz/images/pictures/flags96/Venezuela.jpg,2371,2450,2588.010959,2750.136986,2937.961749,3279.953425,3167.013699,2825.646575,3155,3010,2603.945205,2335.191781,2556.939891,2564.657534,2510.547945,2490.30137,2510,2520,2410,2500,2500.0,2500.0,2500.0,2500.0,2276.967213,2007.30137,1483.841096
U.K.,http://www.sciencekids.co.nz/images/pictures/flags96/United_Kingdom.jpg,1986,2084,2592.671233,2755.764384,2827.038251,2750.846575,2856.345205,2922.164384,2507.757197,2540.704027,2503.279178,2334.56663,2017.659492,1805.985425,1637.491619,1636.419836,1535.413617,1451.907871,1354.201926,1111.115562,954.1847022,879.0979836000001,870.5044575,969.9854932,1031.921369,1018.742342,1109.54943
Libya,http://www.sciencekids.co.nz/images/pictures/flags96/Libya.jpg,1433,1361,1377.589041,1390,1400.846995,1445.917808,1390.178082,1318.958904,1410.027322,1366.547945,1318.520548,1420.520548,1515.218579,1651.109589,1736.041096,1786.808219,1802.833333,1696.109589,1710,485.3972603,1431.803279,978.3287671,529.8356163999999,483.9726027,465.68579230000006,897.0684932,1038.9589039999998
Oman,http://www.sciencekids.co.nz/images/pictures/flags96/Oman.jpg,746,781,816.2465753,861.2876712,893.3879781,909.9835616,905.8356164,916.0958904,974,917,901.7232877,825.3,756.4590164,782.3023288,745.6506438,716.4177123,762.7424344,817.7567616,869.4799342,890.5129123,923.3993087000001,944.7533781,950.4796411,988.9724247000001,1013.840568,978.3561643999999,986.5424658
Colombia,http://www.sciencekids.co.nz/images/pictures/flags96/Colombia.jpg,439,461,454.9342466,589.7986301,632.9644809,656.2589041,736.8383562,821.0246575,694.2765027,626.621,578.939726,544.547,532.7612566,530.6185644,539.5465534,538.1884959,596.1500109,683.6025562,799.4074877,932.0610685,962.5726502999999,1021.9915070000001,1007.892047,1023.013041,904.9508197,872.5753425,882.6575342
Indonesia,http://www.sciencekids.co.nz/images/pictures/flags96/Indonesia.jpg,1579,1589,1590.219178,1578.684932,1627.486339,1604.810959,1605.356164,1559.082192,1518.38,1421.616,1329.027397,1232.969863,1168.639344,1090.704723,1025.234493,975.9843397,1016.471052,1000.019548,1015.738441,983.2719205,955.4531749,922.4893562000001,886.697,847.0956438,929.6202186,894.6849315,872.2301369999999
India,,589,564,634.7123288,750.4520548,731.0245902,759.6246575,751.4219178,742.660274,739.2415301,745.3972603,782.9534247,785.3273973,806.6091503,783.5583808,810.715989,808.2310274,808.9125328,794.405011,869.3212493,904.4600603,899.2068142,895.5102932,888.0450219,882.9121342,872.4016392999999,873.4767122999999,867.6575342
Azerbaijan,,222,208,191.909589,182.0575342,181.9808743,179.9753425,237.0739726,282.9780822,286.0437158,307.1671233,313.8575342,323.7547945,315.4262295,438.7726027,645.5205479,846.8330466,873.918724,1010.013263,1038.68337,987.0465205,925.7040027,874.4229698999999,850.5188985999999,852.1692,837.5382513999999,794.6739726,802.4739726
Malaysia,,666,660,673.9863014,714.4931507,727.0273224,761.8027397,820.1013699,788.030137,755.704918,732.1643836,773.46,817.857,792.4754098,794.4438356,752.8082192,758.3601918,759.1694809,719.9601096,719.449274,655.4290411,661.2301093,631.7945205,656.9753425,712.1780822000001,748.9344262,733.9150685,736.2821918
Egypt,http://www.sciencekids.co.nz/images/pictures/flags96/Egypt.jpg,895,908,913.8054795,939,942.6666667,879.4575342,857.8054795,881.5890411,803.44,758.398,750.987,749.651,708.13,689.7205479,665.9589041,664.2739726,693.5737705,704.2849315,697.6154247,704.3096438,708.8128197000001,708.5393836000001,708.4514521000001,718.8704247000001,684.0811421,659.1454658,668.972863
Argentina,,583,629,694.109589,756.5753425,799.9836066,881.6712329,896.6849315,850.2328767,809.1420765,850.4,840.147,840.107,797.075,773.6497534,777.6019096,766.6811699,789.1062268,785.6484658,773.6476904,746.8204822,706.3420355000001,691.0539616000001,701.3434055,694.0442466,694.1311475,661.5890411,663.9205479
Ecuador,,324,348,367.9205479,395.0273973,399.9781421,391.3452055,379.0986301,376.6438356,398.220765,414.9835616,395.029,413.3136986,530.2447022,533.9764,537.6712192,513.1206,506.2796639,486.9911753,487.4915205,500.7880219,504.69207919999997,527.9874081999999,558.4160575,545.3525013999999,551.1847650000001,534.0872877,520.0516712
Thailand,,65,67,77.56986301,88.3260274,95.78415301,121.8383562,135.0876712,144.9013699,169.6557377,173.761,192.1616438,241.1962274,237.9219541,285.9770932,326.7313452,345.8849534,372.3052623,389.6729836,401.946263,427.3589096,467.37706280000003,473.7463836,474.36934249999996,493.596863,504.5245902,488.6684932,471.1013699
Australia,,591,558,592.309589,613.7945205,631.7486339,658.5616438,613.7068493,610.9506849,792.5655738,732,707.4711233,593.9863014,521.5441858,546.0849315,527.5835616,531.5219178,535.536612,545.8575342,555.3452055,479.6849315,473.2978142,399.4438356,418.77534249999997,378.18082189999996,350.9043716,319.49589039999995,347.49589039999995
Congo (Brazzaville),,174,181,179.9041096,187.8739726,200.9262295,265.2328767,277,282.8383562,292.1301093,266.6056247,260.2136219,255.838389,243.2536913,236.205811,247.7493151,214.1707397,240.2704918,274.860274,346.0562164,295.9598521,270.5953497,248.30152599999997,241.2824849,245.4784,204.9963251,252.1972603,347.4794521
Turkmenistan,,110,90,84.91506849,80.99178082,87.90983607,106.0109589,126.9945205,155.3671233,157.172,167,191.569,199.3643836,213.079235,195.8068493,176.4717808,179.5465753,188.5595628,196.9682192,201.1926027,222.2410959,243.39071040000002,258.7369863,271.2109589,275.0684932,262.7786885,277.0,276.3260274
Vietnam,,106,120,140.5068493,173.3013699,175.4508197,191.260274,245.5945205,290,316,356.7452055,339.5945205,352.5068493,403.2868852,372,366.9945205,324.1205479,311.7459016,341.1261918,308.0931507,311.6117671,340.5734481,342.5667123,315.3213973,339.1000959,308.0667268,277.5704247,248.15398629999999
Gabon,,298,313,328.5479452,364.7068493,368.3606557,370.3287671,351.7671233,331.0273973,315,270,251.2,241.4164384,239.0519126,266.3169096,237.219726,244.220589,248.136612,242.1287671,245.8767123,241.3534247,230.0,220.0,220.0,213.32876710000002,210.8196721,198.84931509999998,195.83561640000002
Equatorial Guinea,,1.6,4.5,5.010958904,5.001643836,17,52.42191781,83,102,167.5,181.4383562,212.5616438,206.4658767,368.2076503,375.4767123,362.8657534,368.5287671,359.203153,346.0160685,322.7103836,298.8880329,310.4,290.7972603,278.0,268.0,244.0,205.7780822,184.2328767
Ghana,,1.1,1.6,1.4,4,6,5,5,6,7,7,7,7,7,6,6,6,6,6,7.189041096,76.51232877,78.35519126,97.91232877,105.01917809999999,102.35616440000001,98.36065574,150.9780822,172.8383562
Germany,,85,81,78.57260274,79,78.41256831,75,78,76,86.81785792,83.863,89.86269863,94.29873973,83.90146448,109.7260274,126.9534247,80.3260274,89.08196721,91.33150685,150.51,149.362,142.951,149.5893836,145.27667119999998,144.44501369999998,146.40943169999997,142.7806986,140.2711096
Peru,,117,127,128.9178082,130.6219178,120.8360656,119.4109589,116.4767123,107.0547945,99.488,97.056,97.065,92.55,94.42025137,111.5946959,115.9811534,114.7690685,120.7284781,146.4795068,157.6408027,154.4569178,156.0159563,170.703537,175.4453699,152.391063,138.02156010000002,137.3519452,137.26975339999998
Chad,,0,0,0,0,0,0,0,0,0,0,0,36.06849315,170.5874317,176.6575342,157.9178082,144.2027397,127.1639344,119.4712329,122.5205479,114.9643836,104.4836066,100.0,121.0,123.0,114.0,128.0,132.0
South Sudan,,--,--,--,--,--,--,--,--,--,--,--,--,--,--,--,--,--,--,--,--,22.81160656,115.7700027,147.7629151,152.63880269999999,152.45901640000002,150.2356164,125.86301370000001
South Africa,,129,183,183,192,195,196,199,181.7,188.7,196.3284795,197.9638904,191.2410959,217.0278689,200.4027397,187.1561644,182.0575342,179.6716667,169.04,168.5531507,169.13,169.04256830000003,168.7108219,148.0,123.0,120.0,118.83013700000001,118.5808219
Denmark,,163,174,184.9780822,186.0767123,207.9234973,230.4821918,238.3534247,300.1808219,362.9344262,346.6927397,371.5416438,375.9265753,390.4472732,378.5455699,343.4048137,312.9557123,288.312888,261.6806849,246.9854301,222.8473452,203.8301831,177.6061671,167.52171230000002,158.2485753,143.60261200000002,140.0581507,118.16226029999999
Italy,,86,86,89.14657534,96.68219178,104.9983607,114.2890411,109.5534247,85.76986301,95.5,82.46,89.46164384,101.1493151,112.1666667,124.6082192,124.3424658,126.369863,119.9617486,102.2767123,125.2824795,116.1940822,114.6292131,144.0233425,140.3316712,143.2929589,107.70286340000001,104.1010274,116.09828770000001
Brunei,,177,178,180.4356164,175.6438356,166.3961749,175.0410959,179.2876712,203.9232877,215,217.225,189,195.944,204.1731066,209.6794521,220.9917808,169.6986301,157.4863388,148.6082192,153.0849315,169.1890411,158.57103830000003,135.3068493,126.69041100000001,126.8328767,120.86338799999999,113.14246580000001,111.4520548
Sudan,,0.3,0.3,0.1,0.2,1.992349727,4.979178082,10,69.10958904,186,209.1315068,238.7671233,269.739726,342.5136612,350,378.109589,463.7726027,477.8005464,483.5520548,486.2027397,453.260274,92.72548087,134.66733969999999,114.3748384,108.8003342,105.6465847,103.12020550000001,95.775
Pakistan,,64,63,57.73972603,62,58,60,58.31232877,57.33561644,58.02076503,64.605,69.035,64.926,67,68.62588767,69.46551233,75.13026301,68.63757923,66.68938082,69.15810137,70.172,75.172,85.17200000000001,98.17200000000001,94.38569863,89.67473224,93.89254795,93.74460274
Trinidad and Tobago,,142,141,138.6,138.8465753,138.179235,132.1369863,130.6287671,139.3189041,141.1042077,133.9310438,145.1390795,162.2632411,151.967347,171.4804,178.2360548,157.0221808,156.646082,152.6558877,145.3674658,135.8713014,116.9522514,115.6028685,114.1152822,108.7728521,96.96860929,98.73116164,87.08102192
France,,70,68,69.15342466,62.25479452,55.16393443,45.56575342,39.89315068,41.75287671,44.00273224,40.17808219,38.98630137,39.38219178,39.16120219,35.40273973,38.9369863,24.33150685,25.5,26.15068493,87.89593151,84.41513699,86.69636612,90.32173973,92.6699863,96.10223288,99.45903279,84.07612329,84.49530137
Bolivia,,28,29,30.5,34.49178082,36.86393443,37.13835616,43.6,40.4,39.39349727,43.8669863,46.20024943,41.71219659,60.01241156,61.35046301,59.65666301,60.45928219,50.13811749,45.18970137,47.16994247,48.56831233,56.61536612,64.17617808,67.97966027,72.95047397,76.51586885,76.34690411,76.5140274
Romania,,143,137,141.6164384,141,142,140.4,138.3438356,132.2109589,128.4180328,131.214,130.706,123.961,121.2486339,112.3068493,103.6602904,102.7342712,104.4296066,100.1769041,95.14586301,95.17413973,91.29998634,93.98862466,92.81067123,90.49779452,84.05783607,78.33272603,75.67793151
Cameroon,,140,127,107.9452055,111,108.0163934,124,121,100,84.82240437,76.64657534,69.81917808,67,65.98907104,82.31506849,86.40273973,82.82739726,81.32513661,76.90410959,65,61.66027397,63.0,62.75616438,75.0,98.0,92.0,75.71780822,69.0
Netherlands,,67,67,103.2273973,86.97260274,81.23770492,76.74246575,79.0739726,59.08493151,54.58,46.20273973,65.14794521,64.94794521,61.23825137,49.84246575,41.97328767,67.05753425,52.49180328,46.25479452,44.69158904,51.45572603,67.40026776,63.70646575,75.28052055,72.71910959,57.78643169,58.74212329,58.28458904
Turkey,,84,76,72,67.47945205,67.17759563,67.91780822,65.25479452,59.09863014,52.676,48,46.6739726,45.16986301,42.42076503,44.17123288,43.25890411,42.00273973,42.68469945,47.20547945,48.4769863,46.0639863,45.60183060000001,47.56983562,49.67723288,51.32858904,52.34526776,51.66060274,57.41950685
Uzbekistan,,66,85,114.9972603,159.9835616,164.8196721,157.6027397,160.9945205,146.939726,151.3387978,154,151.9534247,155.0410959,141,123.9030137,106.9780822,112,108.0765027,70.38996712,89.9816274,101.0849315,100.8306011,93.0,82.38082192,77.13150685,69.91256831,62.06027397,54.24657534
Cote dIvoire (IvoryCoast),,1.5,0.5,6.8,8.023287671,16,18.76712329,20,15,11.49726776,11,12,19,26,39,62,52,59.16502732,57.81726027,43.83287671,39.5890411,37.91530055,37.0,36.0,29.0,49.0,54.0,52.0
Cuba,,18,22,26,27.76712329,32,32.7,33.5,40,43.1,51,48.29589041,56.16712329,58.93,53.069,52.144,50.939,52.546,48.535,58.251,60.148,57.37850273,54.988,54.943000000000005,52.24,51.64233333,51.809,51.809
Ukraine,,96,92,93,91,92,93,88,85,82,83,84,88,96,98,101,99,91.98231148,86.73810411,77.53714247,73.17563562,74.67767213,69.25674247,60.78703562,54.6420137,51.20543716,48.61979452,51.54856164
Bahrain,,44,53,54,51,45,51,48,48,48.37,47.3,47.257,47.632,48,45,46,46,46,46,44,45,52.0,58.0,60.50410959,62.0,60.0,56.0,51.0
Poland,,3.2,5,5,4.6,5,6,7.4,11,14.41803279,16.56164384,16.3260274,16.12876712,27.65300546,31.09863014,33.4,27.58082192,28.07923497,25.34520548,30.29958904,29.02867123,35.70663934,46.32165753,47.42853425,47.06443836,44.32582514,44.19728767,45.80276712
Tunisia,,114,102,95.68493151,90.15068493,87.99453552,84.94794521,81.25205479,84.32328767,80.73213115,72.628,78.79521918,77.606,81.76229508,77,78.43835616,86.30273973,85.93911202,81.3708137,78.93066027,67.32914247,66.29428689,64.14794521,53.59726027,40.0,42.0,42.61643836,44.6
Papua New Guinea,,53,126,109.7561644,100.0575342,103.3606557,80.09863014,79.0630137,96.65753425,70.062,67.5,55.15342466,50.49315068,45.57923497,40.28136986,48.49589041,38.4630137,41.35519126,39.54794521,30.79452055,29.16164384,27.33060109,22.96164384,49.6,57.50136986,55.99180328,50.49041096,44.57260274
"Korea, South",,0,0,0,0,0,6,8,9,13,12,11,10,9,10.2,11.9,13.91780822,14.32786885,18.76164384,27.48,26.11,27.605999999999998,25.893,27.313000000000002,20.0,33.573,34.275,34.275
Timor-Leste (East Timor),,--,--,--,--,--,--,--,--,--,--,--,0,51.90983607,94.42465753,100.9863014,100,100,94.79178082,87.9890411,83.74246575,79.49453552,79.25753425,74.23287671,62.06027397,49.23770492,40.31780822,32.90684932
Spain,,31,24,21,16.83287671,10.3442623,7.6,11,6.079452055,6.35136612,8.698630137,9.91,11.597,12.19726776,11.29315068,11.19452055,2.747945205,2.666666667,4.336986301,29.06260274,26.76012329,23.48973224,39.48898629999999,37.75431507,34.71405479,35.89466667,33.35105479,32.84420548
Hungary,,46,45,60.33424658,58,60.32513661,65.4,50,46.48493151,46.56953552,45.7240411,38.35068493,40.9,42.8579235,37.26712329,34.42431233,27.56438356,32.57923497,30.4109589,30.25712329,26.56608219,29.86137158,31.631999999999998,26.01289041,29.03,31.16433333,31.20373973,32.70236986
Belarus,,40,40,39.75068493,38.58082192,36.16120219,36.34246575,36.41643836,36.5890411,37,37,36.50684932,36.4,36.33333333,35,35,35,35.2,33.5,30.76,30.62,30.66,30.52,30.56,26.08493151,32.66666667,32.0,31.24657534
New Zealand,,55,58,54.77534247,45.32876712,44.52185792,65.55205479,54.51780822,49.95890411,45,41.16438356,38.2390411,28.99178082,25.01748634,24.97808219,23.08493151,45.07205479,62.87693989,58.76383562,58.05986301,49.86450685,45.99163388,39.53875342,46.93369863,47.64793151,41.12677596,37.88493151,30.89863014
Syria,,483,562,567.8219178,587.9726027,605.5901639,584.2328767,576.369863,562.2739726,550.8251366,517.94,525.227,513.9808219,491.0561339,467.0375041,441.3766822,415,404.2986038,403.0037753,420.2739616,373.3753425,170.2295082,74.82191781,32.40821918,38.0,36.66666667,20.74246575,30.0
Austria,,24,22,21.7,23.60410959,22.49726776,19.7,21.40410959,19,20.4,21.06849315,22.15753425,21.51506849,22.17923497,20.41643836,22.15342466,22.91780822,22.74590164,23.4,31.96691781,32.18353425,32.52453552,23.54090411,27.10186301,28.32589041,24.55920219,24.45353425,23.43161644
Philippines,,8,9.1,6.113972603,3.361643836,2,1,0.8,0.9,1.144,8.460273973,9.852,13.781,25,25.2,25.4,25.22230411,25.66149454,37.5,35.312,36.359,32.981,38.907,42.93600000000001,30.53028767,27.843000000000004,22.848000000000003,21.18224658
Mongolia,,0,0,0,0,0,0,0.1,0.2,0.179,0.202,0.381,0.501,0.589,0.55,1.032,2.329,3.208,5.123,5.976,6.98329589,9.934508197000001,14.05149589,20.28802466,23.176558899999996,23.42622951,20.0,20.0
Belgium,,0,0,0,0,0,0,0,0,0,0,0,0,0,0.02,0.49,0,0,0,10.34,11.452,10.873,10.956,14.562999999999999,10.725,10.542,18.274,18.274
Serbia,,--,--,--,--,--,--,--,--,--,--,--,--,--,--,16,16.5,17,18.5,21,18.58082192,16.99726776,18.49589041,17.83835616,21.32876712,21.0,19.74246575,18.24383562
Congo (Kinshasa),,26,25,26.26027397,30,30,28.32876712,26.83835616,22,26,24,22.66575342,22,21.08469945,19.74794521,20,22.15616438,19.95765027,22,21,20.16164384,20.0,20.0,20.0,20.0,20.0,19.16164384,17.0
Suriname,,5,5,6,7.028767123,7.49726776,5,7,10,10,10,10,10,10,10,11.59921918,13.53577534,15.84210383,16,16,16,15.83333333,15.0,15.0,17.0,17.0,17.0,17.0
Estonia,,0,0,0,0,0,7.3,4.4,3,4.747,5.1,5.5,6.1,6.562,6.9,7.28,7.400021918,7.6,9,10,11,11.0,13.0,13.0,16.0,16.0,16.0,16.0
Yemen,,182,220,335.2191781,344.9589041,340.4371585,362.2164384,388.0684932,409.1506849,437.7560492,440.8720822,439.3538795,429.3954658,404.3811967,400.1455425,374.9071534,318.6921342,298.3293415,285.1566192,279.9965753,216.3890411,168.726776,130.6986301,125.0082192,47.6,21.66666667,12.26027397,16.0
Croatia,,42,43,46,40.1,36,36.3,38.2,31.6,30.339,28.562,27.403,27.276,25.24863388,23.65753425,21.75068493,20.1936137,18.76666667,20.68082192,19.85356164,17.80205479,16.60333333,16.65726027,16.19863014,14.75917808,14.60196721,15.0,14.91506849
Albania,,11,11,11,10,9.5,9.165753425,6.3,5.575342466,5.656,5.952,6.361,6.717,6.693,7,7.742465753,6.419178082,6,5.328767123,10.84383562,15.51506849,16.83606557,17.00821918,20.50684932,20.16164384,22.74863388,16.0,14.41369863
Czech Republic,,--,2.2,2.5,3,4.3,3.5,3.8,8.460273973,7.766666667,7.169863014,8.268493151,9.673972603,11.32513661,11.51506849,9.501369863,7.41369863,7.412568306,6.504109589,11.58078082,12.42793151,12.635,10.753,13.522,12.61561644,11.06933333,13.960999999999999,13.960999999999999
Guatemala,,4.8,7,8.291780822,9.528767123,12.83060109,16,23.76712329,23,20.68,21.08,17.99452055,21.99452055,19.81147541,17.15342466,21.44465753,18.7178,18.42508197,16.52,11.95318904,10.94536986,12.56369672,12.03759452,12.45278356,12.72793699,12.01470219,13.66575342,13.57534247
Singapore,,0,0,0,0,0,0,0,0,0,0,0,0,0,0.02,0.3,0.7,2,1,5,15,16.0,15.0,15.0,19.0,18.0,13.356,13.356
Burma (Myanmar),,15,14,14.04246575,9.9,8.2,9.2,11.2,9.7,12.256,10.171,15.2,15.17,20.15,20.187,23.2,21.36164384,21.55293443,18.28493151,20.52876712,20.2,20.2,20.2,19.77534247,15.2,15.2,12.2,11.2
Japan,,20,19,17.61232877,17.8,18.38743169,17.32356164,17.4,16.31780822,18,17.33424658,15.48493151,16,17,18.58082192,19.101,19.90684932,20.57103825,19.14246575,18.90510959,18.10893151,17.37643716,17.28475342,16.04468493,15.54057534,12.21503279,15.05672603,11.14439726
Slovakia,,--,1.3,1.3,1.4,1.6,1.5,1.2,0.9,1,1.7,6.331506849,6.257739726,7.180404372,8.950684932,9.32,4.600547945,6.747868852,3.953424658,9.355,6.69,6.077999999999999,7.9910000000000005,7.888,9.355,8.648,10.665999999999999,10.665999999999999
Chile,,26,26,24.4109589,23.57808219,21.2,14.36684932,13.30410959,12.4309589,10.851,11.695,11.307,11.371,10.58983333,10.24657534,8.401838356,6.440263014,7.092079235,7.683876712,12.9890411,12.92876712,11.90437158,10.63835616,8.742465753,7.260273972999999,5.423497267999999,6.243835616,9.0
Niger,,0,0,0,0,0,0,0,0,0,0,0,0,0,0,0,0,0,0,0,6.712328767,20.0,20.0,20.0,14.0,13.0,11.0,9.0
Finland,,0,0,0,0,0,0,0,0,0,0,0,0,0.05,0.22,0.4,0,0,0,6.792,4.696,6.021,7.485,8.33,10.074,2.8360000000000003,8.306000000000001,8.306000000000001
Portugal,,0,0,0,0,0,0,0,0,0,0,0,0,0,0.02,1.6,2.249315068,3.754098361,1,6.26,8.23,6.0,7.04,7.63,7.11,7.6,6.897,6.897
Greece,,14,12,11.14657534,9.6,9,9.879452055,7.093150685,0.939726027,5.64863388,5.791780822,4.061643836,3.314136986,3.136065574,2.728493151,2.738356164,1.246575342,1,1.167671233,4.584246575,3.940684932,4.439398907,4.336575342,4.3316438360000005,4.066712329,6.262131148,5.053424658,6.382191781
Sweden,,0.018,0.01,0,0,0,0,0,0,0,0.46,1.06,1.08,1.4,1.6,2.3,3.7,4.5,6.5,7.834,7.985,7.099,6.247000000000001,5.725,4.717,4.758,6.0729999999999995,6.0729999999999995
Paraguay,,0,0,0,0,0,0,0,0,0.04,0.02,0.02,0.02,0.1,0.6,0.8,1.1,1.7,2.2,2.45,2.639,2.945,3.313,3.571,3.9810000000000003,4.1739999999999995,4.178,4.178
Lithuania,,0,1.6,2.9,3.2,3.007923497,3.834246575,5.474794521,4.651232877,5.984,9.555,8.84,7.758,6.248,4.586,4.173,3.887,4.7,4.4,4.573,4.009,4.586,4.749,4.609,4.671,5.1,4.074,4.074
Mauritania,,0,0,0,0,0,0,0,0,0,0,0,0,0,0,30.61917808,14.99178082,12.83333333,11.24521918,8.232232877,7.737641096,6.577076503,6.750410959,6.003005479,5.246575342,4.836065574,4.0,4.0
Bulgaria,,1.1,1,1.1,1,0.7,0.6,0.8,0.8,0.851,0.603,0.74,0.6,1,1,1.1,1.2,1.2,1.4,1.37,1.32,1.62,2.166,1.503191781,3.045,3.3080000000000003,3.3080000000000003,3.3080000000000003
Bangladesh,,1.1,1.2,1.6,1.3,1.6,1.8,1.7,1.6,2.7,3.580821918,6.3,6.3,6.2,6.2,6.2,6.2,5.866666667,5.2,5.2,5.2,4.866666667,4.2,4.2,4.2,4.2,3.865753425,3.2
Belize,,0,0,0,0,0,0,0,0,0,0,0,0,0,0,2.257309589,2.99979726,3.510663934,3.98950137,4.251682192,4,3.239344262,3.0,1.817761644,2.0,2.0,2.0,2.0
Jamaica,,0,0,0,0,0,0,0,0,0,0,1.9,2.6,1.97,2.2,5.2,4.852,6.423,6.9,0,0,0.0,0.0,0.0,0.0,1.6280000000000001,1.6280000000000001,1.6280000000000001
Costa Rica,,0,0,0,0,0,0,0,0,0,0,0.8,1,1.34,2.06,2.11,2.9,2.4,1.2,0,0,1.2590000000000001,1.324,1.331,1.479,1.571,1.571,1.571
Latvia,,0,0,0,0,0,0,0,0,0,0,0,0,0.2,0.3,0.3,0.5,0.9,1.2,1.186,1.229,1.9,1.429,1.581,1.439,1.0590000000000002,1.369,1.369
Barbados,,1.4,1.3,1.2,1.3,1,0.9,1.6,1.9,1.53,1.271,1,1,1,1,1.033424658,1.108493151,1.101,0.766,1,1,1.0,1.0,1.0,1.0,1.0,1.0,1.0
Kyrgyzstan,,2.3,2,1.616164384,2,2,1.8,1.7,1.608493151,2,2,1.52,1.38,1.4,2,2,1,1,1,1,1,1.0,1.0,1.0,1.0,1.0,1.0,1.0
Switzerland,,0,0,0,0,0,0,0,0,0,0,0,0,0.1,0.12,0.22,0.26,0.26,0.1,0.14,0.12,0.14,0.1,0.1,0.12,0.16,1.0,1.0
Uruguay,,0,0,0,0,0,0,0,0,0,0,0,0,0,0.03,0.04,0.06,0.05,0.14,0.436,0.631,0.691,0.9229999999999999,1.182,0.9,0.9390000000000001,0.938,0.938
Kenya,,0,0,0,0,0,0,0,0,0,0,0,0,0,0,0,0,0,0,0.431,0.517,0.517,0.6890000000000001,0.862,0.862,0.862,0.862,0.862
Zimbabwe,,0,0,0,0,0,0,0,0,0,0,0,0,0,0,0,0,0.04,0.06,0,0,0.12,0.039,0.6809999999999999,0.7140000000000001,0.8190000000000001,0.8190000000000001,0.8190000000000001
Swaziland,,0,0,0,0,0,0,0,0,0,0,0,0,0,0,0,0,0,0,0.431,0.551,0.8270000000000001,0.8270000000000001,0.775,0.81,0.775,0.775,0.775
Ireland,,0,0,0,0,0,0,0,0,0,0,0,0,0,0.02,0.04,0,0,0,1.452,0.582,0.642,0.536,0.5760000000000001,0.561,0.579,0.649,0.649
Mauritius,,0,0,0,0,0,0,0,0,0,0,0,0,0,0,0,0,0,0,0.517,0.482,0.431,0.414,0.603,0.517,0.517,0.517,0.517
Panama,,0,0,0,0,0,0,0,0,0,0,0,0,0,0,0,0,0,0,0,0,0.0,0.305,0.685,0.262,0.446,0.446,0.446
Georgia,,2.9,2,1.808493151,1,1.2,2.675342466,2.191506849,2.2,2,2,1.48,2.8,2,2,1,1,1,1,1,1,1.0,1.0,1.0,0.799452055,0.4,0.4,0.4
Israel,,0.2,0.2,0.1,0.1,0.2,0.3,0.2,0.2,0.08,0.08,0.1,0.06,0.075,0.1,0.1,0.1,0.1,0.1,0.1,0.39,0.39,0.39,0.39,0.39,0.39,0.39,0.39
Ethiopia,,0,0,0,0,0,0,0,0,0,0,0,0,0,0,0,0,0.1,0.1,0.1,0.1,0.1,0.16699999999999998,0.21100000000000002,0.29600000000000004,0.354,0.354,0.354
Mozambique,,0,0,0,0,0,0,0,0,0,0,0,0,0,0,0,0,0,0.02,0,0,0.02,0.03,0.04,0.161,0.281,0.282,0.282
Slovenia,,0,0.05,0,0,0,0,0,0,0.02,0.014,0.014,0.01,0.006,0.105,0.105,0.105,0.165,0.145,0.375,0.015,0.025,0.035,0.005,0.005,0.005,0.255,0.255
Macedonia,,0,0,0,0,0,0,0,0,0,0,0,0,0,0,0,0.05,0.01,0.01,0.04,0.1,0.11,0.1,0.14,0.23,0.24,0.23600000000000002,0.23600000000000002
Taiwan,,3,2,2.1,1.7,2.2,1.7,1.4,1.3,1.038,1.1,0.98,0.97,0.83,0.588,0.436,0.436,0.707,1.006,0.275,0.225,1.3659999999999999,1.3319999999999999,1.3019999999999998,0.312,0.226,0.226,0.226
Malawi,,0,0,0,0,0,0,0,0,0.2,0.2,0.2,0.2,0.2,0.2,0.2,0.2,0.2,0.2,0.327,0.345,0.345,0.345,0.345,0.431,0.517,0.2,0.2
Tajikistan,,1.3,0.8,0.6,0.7,0.6,0.6,0.5,0.5,0.389,0.326,0.309,0.352,0.25,0.279315068,0.3,0.278306849,0.235243169,0.217994521,0.215,0.215,0.213745902,0.20600000000000002,0.20600000000000002,0.18161643800000002,0.18,0.18,0.18
Nicaragua,,0,0,0,0,0,0,0,0,0,0,0,0,0,0,0,0,0.9,1,0.138,0.086,0.258,0.172,0.10300000000000001,0.0,0.172,0.172,0.172
Morocco,,0.2,0.2,0.2,0.3,5.3,5,5.1,5.2,5.3,5.4,5.26,5.2,5.2,0.14,0.2,0.22,0.18,0.16,0.2,0.2,0.14,0.16,0.16,0.16,0.16,0.16,0.16
Hong Kong,,0,0,0,0,0,0,0,0,0,0,0,0,0,0,0,0,0,0,0.08,0.58,0.1,0.3,2.1,0.1,0.1,0.1,0.1
Jordan,,0.05,0.031,0,0,0,0,0,0,0.04,0.04,0.02,0.02,0.02,0.02,0.02,0.02,0.02,0.02,0.02,0.018,0.022000000000000002,0.022000000000000002,0.022000000000000002,0.022000000000000002,0.022000000000000002,0.022000000000000002,0.022000000000000002
Afghanistan,,0,0,0,0,0,0,0,0,0,0,0,0,0,0,0,0,0,0,0,0,0.0,0.0,0.0,0.0,0.0,0.0,0.0
American Samoa,,0,0,0,0,0,0,0,0,0,0,0,0,0,0,0,0,0,0,0,0,0.0,0.0,0.0,0.0,0.0,0.0,0.0
Antarctica,,0,0,0,0,0,0,0,0,0,0,0,0,0,0,0,0,0,0,0,0,0.0,0.0,0.0,0.0,0.0,0.0,0.0
Antigua and Barbuda,,0,0,0,0,0,0,0,0,0,0,0,0,0,0,0,0,0,0,0,0,0.0,0.0,0.0,0.0,0.0,0.0,0.0
Armenia,,0,0,0,0,0,0,0,0,0,0,0,0,0,0,0,0,0,0,0,0,0.0,0.0,0.0,0.0,0.0,0.0,0.0
Aruba,,0,0,0,0,0,0,0,0,0,0,0,0,0,0,0,0,0,0,0,0,0.0,0.0,0.0,0.0,0.0,0.0,0.0
"Bahamas, The",,0,0,0,0,0,0,0,0,0,0,0,0,0,0,0,0,0,0,0,0,0.0,0.0,0.0,0.0,0.0,0.0,0.0
Benin,,5.6,5.8,5.9,3,2,1.3,1,1,0.69,0.7,0.8,0.4,0,0,0,0,0,0,0,0,0.0,0.0,0.0,0.0,0.0,0.0,0.0
Bermuda,,0,0,0,0,0,0,0,0,0,0,0,0,0,0,0,0,0,0,0,0,0.0,0.0,0.0,0.0,0.0,0.0,0.0
Bhutan,,0,0,0,0,0,0,0,0,0,0,0,0,0,0,0,0,0,0,0,0,0.0,0.0,0.0,0.0,0.0,0.0,0.0
Bosnia and Herzegovina,,0,0,0,0,0,0,0,0,0,0,0,0,0,0,0,0,0,0,0,0,0.0,0.0,0.0,0.0,0.0,0.0,0.0
Botswana,,0,0,0,0,0,0,0,0,0,0,0,0,0,0,0,0,0,0,0,0,0.0,0.0,0.0,0.0,0.0,0.0,0.0
Burkina Faso,,0,0,0,0,0,0,0,0,0,0,0,0,0,0,0,0,0,0,0,0,0.0,0.0,0.0,0.0,0.0,0.0,0.0
Burundi,,0,0,0,0,0,0,0,0,0,0,0,0,0,0,0,0,0,0,0,0,0.0,0.0,0.0,0.0,0.0,0.0,0.0
Cambodia,,0,0,0,0,0,0,0,0,0,0,0,0,0,0,0,0,0,0.6,0,0,0.0,0.0,0.0,0.0,0.0,0.0,0.0
Cape Verde,,0,0,0,0,0,0,0,0,0,0,0,0,0,0,0,0,0,0,0,0,0.0,0.0,0.0,0.0,0.0,0.0,0.0
Cayman Islands,,0,0,0,0,0,0,0,0,0,0,0,0,0,0,0,0,0,0,0,0,0.0,0.0,0.0,0.0,0.0,0.0,0.0
Central African Republic,,0,0,0,0,0,0,0,0,0,0,0,0,0,0,0,0,0,0,0,0,0.0,0.0,0.0,0.0,0.0,0.0,0.0
Comoros,,0,0,0,0,0,0,0,0,0,0,0,0,0,0,0,0,0,0,0,0,0.0,0.0,0.0,0.0,0.0,0.0,0.0
Cook Islands,,0,0,0,0,0,0,0,0,0,0,0,0,0,0,0,0,0,0,0,0,0.0,0.0,0.0,0.0,0.0,0.0,0.0
Cyprus,,0,0,0,0,0,0,0,0,0,0,0,0,0,0.02,0.02,0.02,0.2,0.2,0.11,0.13,0.13,0.04,0.03,0.02,0.01,0.0,0.0
Djibouti,,0,0,0,0,0,0,0,0,0,0,0,0,0,0,0,0,0,0,0,0,0.0,0.0,0.0,0.0,0.0,0.0,0.0
Dominica,,0,0,0,0,0,0,0,0,0,0,0,0,0,0,0,0,0,0,0,0,0.0,0.0,0.0,0.0,0.0,0.0,0.0
Dominican Republic,,0,0,0,0,0,0,0,0,0,0,0,0,0,0,0,0,0,0,0,0,0.0,0.0,0.0,0.0,0.0,0.0,0.0
El Salvador,,0,0,0,0,0,0,0,0,0,0,0.3,0.4,0.35,1.54,5.78,4.74,4.555,2.15,0,0,0.0,0.0,0.0,0.0,0.0,0.0,0.0
Eritrea,,--,--,0,0,0,0,0,0,0,0,0,0,0,0,0,0,0,0,0,0,0.0,0.0,0.0,0.0,0.0,0.0,0.0
Falkland Islands (Islas Malvinas),,0,0,0,0,0,0,0,0,0,0,0,0,0,0,0,0,0,0,0,0,0.0,0.0,0.0,0.0,0.0,0.0,0.0
Faroe Islands,,0,0,0,0,0,0,0,0,0,0,0,0,0,0,0,0,0,0,0,0,0.0,0.0,0.0,0.0,0.0,0.0,0.0
Fiji,,0,0,0,0,0,0,0,0,0,0,0,0,0,0,0,0,0,0,0,0,0.0,0.0,0.0,0.0,0.0,0.0,0.0
French Guiana,,0,0,0,0,0,0,0,0,0,0,0,0,0,0,0,0,0,0,0,0,0.0,0.0,0.0,0.0,0.0,0.0,0.0
French Polynesia,,0,0,0,0,0,0,0,0,0,0,0,0,0,0,0,0,0,0,0,0,0.0,0.0,0.0,0.0,0.0,0.0,0.0
"Gambia, The",,0,0,0,0,0,0,0,0,0,0,0,0,0,0,0,0,0,0,0,0,0.0,0.0,0.0,0.0,0.0,0.0,0.0
Gibraltar,,0,0,0,0,0,0,0,0,0,0,0,0,0,0,0,0,0,0,0,0,0.0,0.0,0.0,0.0,0.0,0.0,0.0
Greenland,,0,0,0,0,0,0,0,0,0,0,0,0,0,0,0,0,0,0,0,0,0.0,0.0,0.0,0.0,0.0,0.0,0.0
Grenada,,0,0,0,0,0,0,0,0,0,0,0,0,0,0,0,0,0,0,0,0,0.0,0.0,0.0,0.0,0.0,0.0,0.0
Guadeloupe,,0,0,0,0,0,0,0,0,0,0,0,0,0,0,0,0,0,0,0,0,0.0,0.0,0.0,0.0,0.0,0.0,0.0
Guam,,0,0,0,0,0,0,0,0,0,0,0,0,0,0,0,0,0,0,0,0,0.0,0.0,0.0,0.0,0.0,0.0,0.0
Guinea,,0,0,0,0,0,0,0,0,0,0,0,0,0,0,0,0,0,0,0,0,0.0,0.0,0.0,0.0,0.0,0.0,0.0
Guinea-Bissau,,0,0,0,0,0,0,0,0,0,0,0,0,0,0,0,0,0,0,0,0,0.0,0.0,0.0,0.0,0.0,0.0,0.0
Guyana,,0,0,0,0,0,0,0,0,0,0,0,0,0,0,0,0,0,0,0,0,0.0,0.0,0.0,0.0,0.0,0.0,0.0
Haiti,,0,0,0,0,0,0,0,0,0,0,0,0,0,0,0,0,0,0,0,0,0.0,0.0,0.0,0.0,0.0,0.0,0.0
Honduras,,0,0,0,0,0,0,0,0,0,0,0,0,0,0.001,0.02,0.02,0.02,0.02,0,0,0.0,0.0,0.0,0.0,0.0,0.0,0.0
Iceland,,0,0,0,0,0,0,0,0,0,0,0,0,0,0,0,0,0,0,0,0,0.0,0.0,0.0,0.0,0.0,0.0,0.0
Kiribati,,0,0,0,0,0,0,0,0,0,0,0,0,0,0,0,0,0,0,0,0,0.0,0.0,0.0,30.159000000000002,0.0,0.0,0.0
"Korea, North",,0,0,0,0,0,0,0,0,0,0,0,0,0,0,0,0,0,0,0,0,0.0,0.0,0.0,0.0,0.0,0.0,0.0
Laos,,0,0,0,0,0,0,0,0,0,0,0,0,0,0,0,0,0,0,0,0,0.0,0.0,0.0,0.0,0.0,0.0,0.0
Lebanon,,0,0,0,0,0,0,0,0,0,0,0,0,0,0,0,0,0,0,0,0,0.0,0.0,0.0,0.0,0.0,0.0,0.0
Lesotho,,0,0,0,0,0,0,0,0,0,0,0,0,0,0,0,0,0,0,0,0,0.0,0.0,0.0,0.0,0.0,0.0,0.0
Liberia,,0,0,0,0,0,0,0,0,0,0,0,0,0,0,0,0,0,0,0,0,0.0,0.0,0.0,0.0,0.0,0.0,0.0
Luxembourg,,0,0,0,0,0,0,0,0,0,0,0,0,0,0,0,0,0,0,0,0,0.0,0.0,0.0,0.0,0.0,0.0,0.0
Macau,,0,0,0,0,0,0,0,0,0,0,0,0,0,0,0,0,0,0,0,0,0.0,0.0,0.0,0.0,0.0,0.0,0.0
Madagascar,,0,0,0,0,0,0,0,0,0,0,0,0,0,0,0,0,0,0,0,0,0.0,0.0,0.0,0.0,0.0,0.0,0.0
Maldives,,0,0,0,0,0,0,0,0,0,0,0,0,0,0,0,0,0,0,0,0,0.0,0.0,0.0,0.0,0.0,0.0,0.0
Mali,,0,0,0,0,0,0,0,0,0,0,0,0,0,0,0,0,0,0,0,0,0.0,0.0,0.0,0.0,0.0,0.0,0.0
Malta,,0,0,0,0,0,0,0,0,0,0,0,0,0,0.04,0.04,0.02,0.02,0.02,0,0,0.0,0.0,0.0,0.0,0.0,0.0,0.0
Martinique,,0,0,0,0,0,0,0,0,0,0,0,0,0,0,0,0,0,0,0,0,0.0,0.0,0.0,0.0,0.0,0.0,0.0
Moldova,,0,0,0,0,0,0,0,0,0,0,0,0,0,0,0,0,0,0,0,0,0.0,0.0,0.0,0.0,0.0,0.0,0.0
Montenegro,,--,--,--,--,--,--,--,--,--,--,--,--,--,--,0,0,0,0,0,0,0.0,0.0,0.0,0.0,0.0,0.0,0.0
Montserrat,,0,0,0,0,0,0,0,0,0,0,0,0,0,0,0,0,0,0,0,0,0.0,0.0,0.0,0.0,0.0,0.0,0.0
Namibia,,0,0,0,0,0,0,0,0,0,0,0,0,0,0,0,0,0,0,0,0,0.0,0.0,0.0,0.0,0.0,0.0,0.0
Nauru,,0,0,0,0,0,0,0,0,0,0,0,0,0,0,0,0,0,0,0,0,0.0,0.0,0.0,0.0,0.0,0.0,0.0
Nepal,,0,0,0,0,0,0,0,0,0,0,0,0,0,0,0,0,0,0,0,0,0.0,0.0,0.0,0.0,0.0,0.0,0.0
Netherlands Antilles,,0,0,0,0,0,0,0,0,0,0,0,0,0,0,0,0,0,0,0,0,0.0,0.0,0.0,0.0,0.0,0.0,0.0
New Caledonia,,0,0,0,0,0,0,0,0,0,0,0,0,0,0,0,0,0,0,0,0,0.0,0.0,0.0,0.0,0.0,0.0,0.0
Niue,,0,0,0,0,0,0,0,0,0,0,0,0,0,0,0,0,0,0,0,0,0.0,0.0,0.0,0.0,0.0,0.0,0.0
Palestinian Territories,,--,--,--,--,--,0,0,0,0,0,0,0,0,0,0,0,0,0,0,0,0.0,0.0,0.0,0.0,0.0,0.0,0.0
Puerto Rico,,0,0,0,0,0,0,0,0,0,0,0,0,0,0,0,0,0,0,0,0,0.0,0.0,0.0,0.0,0.0,0.0,0.0
Reunion,,0,0,0,0,0,0,0,0,0,0,0,0,0,0,0,0,0,0,0,0,0.0,0.0,0.0,0.0,0.0,0.0,0.0
Rwanda,,0,0,0,0,0,0,0,0,0,0,0,0,0,0,0,0,0,0.01,0,0,0.0,0.0,0.0,0.0,0.0,0.0,0.0
Saint Helena,,0,0,0,0,0,0,0,0,0,0,0,0,0,0,0,0,0,0,0,0,0.0,0.0,0.0,0.0,0.0,0.0,0.0
Saint Kitts and Nevis,,0,0,0,0,0,0,0,0,0,0,0,0,0,0,0,0,0,0,0,0,0.0,0.0,0.0,0.0,0.0,0.0,0.0
Saint Lucia,,0,0,0,0,0,0,0,0,0,0,0,0,0,0,0,0,0,0,0,0,0.0,0.0,0.0,0.0,0.0,0.0,0.0
Saint Pierre and Miquelon,,0,0,0,0,0,0,0,0,0,0,0,0,0,0,0,0,0,0,0,0,0.0,0.0,0.0,0.0,0.0,0.0,0.0
Saint Vincent/Grenadines,,0,0,0,0,0,0,0,0,0,0,0,0,0,0,0,0,0,0,0,0,0.0,0.0,0.0,0.0,0.0,0.0,0.0
Samoa,,0,0,0,0,0,0,0,0,0,0,0,0,0,0,0,0,0,0,0,0,0.0,0.0,0.0,0.0,0.0,0.0,0.0
Sao Tome and Principe,,0,0,0,0,0,0,0,0,0,0,0,0,0,0,0,0,0,0,0,0,0.0,0.0,0.0,0.0,0.0,0.0,0.0
Senegal,,0,0,0,0,0,0,0,0,0,0,0,0,0,0,0,0,0,0,0,0,0.0,0.0,0.0,0.0,0.0,0.0,0.0
Seychelles,,0,0,0,0,0,0,0,0,0,0,0,0,0,0,0,0,0,0,0,0,0.0,0.0,0.0,0.0,0.0,0.0,0.0
Sierra Leone,,0,0,0,0,0,0,0,0,0,0,0,0,0,0,0,0,0,0,0,0,0.0,0.0,0.0,0.0,0.0,0.0,0.0
Solomon Islands,,0,0,0,0,0,0,0,0,0,0,0,0,0,0,0,0,0,0,0,0,0.0,0.0,0.0,0.0,0.0,0.0,0.0
Somalia,,0,0,0,0,0,0,0,0,0,0,0,0,0,0,0,0,0,0,0,0,0.0,0.0,0.0,0.0,0.0,0.0,0.0
Sri Lanka,,0,0,0,0,0,0,0,0,0,0,0,0,0,0,0,0,0,0,0,0,0.0,0.0,0.0,0.0,0.0,0.0,0.0
Tanzania,,0,0,0,0,0,0,0,0,0,0,0,0,0,0,0,0,0,0.01,0,0,0.0,0.0,0.0,0.0,0.0,0.0,0.0
Togo,,0,0,0,0,0,0,0,0,0,0,0,0,0,0,0,0,0,0,0,0,0.0,0.0,0.0,0.0,0.0,0.0,0.0
Tonga,,0,0,0,0,0,0,0,0,0,0,0,0,0,0,0,0,0,0,0,0,0.0,0.0,0.0,0.0,0.0,0.0,0.0
Turks and Caicos Islands,,0,0,0,0,0,0,0,0,0,0,0,0,0,0,0,0,0,0,0,0,0.0,0.0,0.0,0.0,0.0,0.0,0.0
U.S. Pacific Islands,,0,0,0,0,0,0,0,0,0,0,0,0,0,0,0,0,0,0,0,0,0.0,0.0,0.0,0.0,0.0,0.0,0.0
Uganda,,0,0,0,0,0,0,0,0,0,0,0,0,0,0,0,0,0,0,0,0,0.0,0.0,0.0,0.0,0.0,0.0,0.0
Vanuatu,,0,0,0,0,0,0,0,0,0,0,0,0,0,0,0,0,0,0,0,0,0.0,0.0,0.0,0.0,0.0,0.0,0.0
"Virgin Islands, U.S.",,0,0,0,0,0,0,0,0,0,0,0,0,0,0,0,0,0,0,0,0,0.0,0.0,0.0,0.0,0.0,0.0,0.0
"Virgin Islands, British",,0,0,0,0,0,0,0,0,0,0,0,0,0,0,0,0,0,0,0,0,0.0,0.0,0.0,0.0,0.0,0.0,0.0
Wake Island,,0,0,0,0,0,0,0,0,0,0,0,0,0,0,0,0,0,0,0,0,0.0,0.0,0.0,0.0,0.0,0.0,0.0
Western Sahara,,0,0,0,0,0,0,0,0,0,0,0,0,0,0,0,0,0,0,0,0,0.0,0.0,0.0,0.0,0.0,0.0,0.0
Zambia,,0,0,0,0,0,0,0,0,0,0,0,0,0,0,0,0,0,0,0,0,0.0,0.0,0.0,0.0,0.0,0.0,0.0
Petroleum and Other Liquids (annual),,,,,,,,,,,,,,,,,,,,,,,,,,,,
Production,,,,,,,,,,,,,,,,,,,,,,,,,,,,
Total Petroleum and Other Liquids,,,,,,,,,,,,,,,,,,,,,,,,,,,,
"Crude Oil, NGPL, and Other Liquids",,,,,,,,,,,,,,,,,,,,,,,,,,,,
"Crude Oil, NGPL, and Other Liquids",,,,,,,,,,,,,,,,,,,,,,,,,,,,
